{
    "swagger": "2.0",
    "info": {
        "title": "Clubs API",
        "version": "1.0.0"
    },
    "basePath": "/goparty/public/api",
    "paths": {
        "/clubs-archived": {
            "get": {
                "summary": "List all clubs",
                "operationId": "getArchivedClubs",
                "responses": {
                    "200": {
                        "description": "successful operation"
                    },
                    "406": {
                        "description": "not acceptable"
                    },
                    "500": {
                        "description": "internal server error"
                    }
                }
            }
        }
    },
    "definitions": {}
}